{
    "FID_latent/male2female": 11.75659072243214,
    "FID_latent/female2male": 15.633595073491863,
    "FID_latent/mean": 13.695092897962002
}