{
    "FID_reference/male2female": 29.17160321080138,
    "FID_reference/female2male": 39.48485865452949,
    "FID_reference/mean": 34.328230932665434
}