{
    "FID_reference/male2female": 28.16452359607713,
    "FID_reference/female2male": 34.41609186180394,
    "FID_reference/mean": 31.290307728940537
}