{
    "FID_latent/male2female": 13.904850573468595,
    "FID_latent/female2male": 18.308054521549348,
    "FID_latent/mean": 16.106452547508972
}