{
    "FID_reference/male2female": 110.7560039890565,
    "FID_reference/female2male": 124.946567176523,
    "FID_reference/mean": 117.85128558278976
}