{
    "FID_latent/male2female": 110.47759040286266,
    "FID_latent/female2male": 120.54560584202063,
    "FID_latent/mean": 115.51159812244165
}