{
    "FID_latent/male2female": 12.381193098585346,
    "FID_latent/female2male": 15.315887486684048,
    "FID_latent/mean": 13.848540292634697
}