{
    "FID_reference/male2female": 24.004819502479698,
    "FID_reference/female2male": 29.151013569514134,
    "FID_reference/mean": 26.577916535996916
}