{
    "FID_reference/male2female": 14.860979520050604,
    "FID_reference/female2male": 30.392195379003873,
    "FID_reference/mean": 22.62658744952724
}