{
    "FID_latent/male2female": 12.978489821056261,
    "FID_latent/female2male": 23.567923435682722,
    "FID_latent/mean": 18.273206628369493
}