{
    "FID_reference/male2female": 99.75814051848201,
    "FID_reference/female2male": 106.14650892467749,
    "FID_reference/mean": 102.95232472157974
}