{
    "FID_latent/male2female": 78.00156723487825,
    "FID_latent/female2male": 67.86716030194486,
    "FID_latent/mean": 72.93436376841156
}